{
  "hardware": "4x RTX 4090",
  "dataset": "CIFAR-10",
  "distributed": true,
  "world_size": 4,
  "config": {
    "stability_coefficient": 0.06283185307,
    "purple_line_threshold": 0.06283185307,
    "world_size": 4,
    "batch_size_per_gpu": 128,
    "epochs": 20,
    "learning_rate": 0.001,
    "beta": 0.1,
    "latent_dim": 256,
    "cwu_per_batch": 1.0,
    "log_interval": 50
  },
  "metrics": {
    "train_losses": [
      133.19873307675732,
      80.11393430281659,
      64.46087058709593,
      56.30123710632324,
      51.84269149935975,
      48.28713759597467,
      45.97999543559794,
      43.90903009687151,
      42.2092409523166,
      41.24059801685567,
      40.4434882572719,
      39.721419918293854,
      38.684584403524596,
      38.30075415786432,
      38.26466739420988,
      37.569511647127115,
      37.00292225273288,
      37.57293343057438,
      36.50956000113974,
      36.34547344519167
    ],
    "test_losses": [
      88.44658858866632,
      70.6538776687429,
      59.45789123486869,
      53.06782699536674,
      49.03412150129487,
      47.49226814583887,
      45.211726900897446,
      42.63442803636382,
      41.15132844900783,
      40.6891812734966,
      39.368511471567274,
      38.79939006250116,
      38.16650227655338,
      37.65624961973746,
      37.32634870311882,
      36.90503443947321,
      37.417864087261734,
      36.275538734242886,
      36.06750989262062,
      35.95212299008913
    ],
    "compliance_rates": [
      7.142857142857142,
      54.08163265306123,
      67.3469387755102,
      97.95918367346938,
      97.95918367346938,
      97.95918367346938,
      97.95918367346938,
      97.95918367346938,
      97.95918367346938,
      97.95918367346938,
      97.95918367346938,
      97.95918367346938,
      97.95918367346938,
      97.95918367346938,
      97.95918367346938,
      97.95918367346938,
      97.95918367346938,
      97.95918367346938,
      97.95918367346938,
      97.95918367346938
    ],
    "variance_rates": [
      0.11376332936924882,
      0.06288049855114271,
      0.060142322132984795,
      0.0518258292771255,
      0.04816954967100173,
      0.04622439838324984,
      0.04566053956902275,
      0.044159049556280174,
      0.043150468807046614,
      0.041303321913195155,
      0.04093534545972943,
      0.04051883153927823,
      0.04058635653927922,
      0.04033971857279539,
      0.039783046153994896,
      0.039167166648743056,
      0.03907693837148448,
      0.03977991407737136,
      0.037944631689849,
      0.037891534118292235
    ],
    "cwu_counts": [
      384.0,
      384.0,
      384.0,
      384.0,
      384.0,
      384.0,
      384.0,
      384.0,
      384.0,
      384.0,
      384.0,
      384.0,
      384.0,
      384.0,
      384.0,
      384.0,
      384.0,
      384.0,
      384.0,
      384.0
    ]
  },
  "timestamp": "2025-08-23T15:59:03.106523"
}