{
  "dataset": "Shapes3D (50K subset)",
  "samples": 45000,
  "config": {
    "stability_coefficient": 0.06283185307,
    "learning_rate": 0.001,
    "batch_size": 128,
    "latent_dim": 10,
    "beta": 4.0,
    "epochs": 10,
    "device": "cuda"
  },
  "metrics": {
    "train_loss": [
      479.5224671797319,
      153.94924048943952,
      124.3319902420044,
      114.3187094818462,
      107.5979734767567,
      103.01480089534412,
      99.26914557543668,
      96.45981607653879,
      94.4327242157676,
      91.59102186289701
    ],
    "variance_rates": [
      0.05922880962757127,
      0.04753364264965057,
      0.05051371020930154,
      0.04960473161722932,
      0.048990744703582355,
      0.046065326141459605,
      0.04388415512229715,
      0.04334193793790681,
      0.04377621276038034,
      0.044295217096805575
    ],
    "compliance": [
      76.13636363636364,
      99.43181818181817,
      99.43181818181817,
      99.43181818181817,
      99.43181818181817,
      99.43181818181817,
      99.43181818181817,
      99.43181818181817,
      99.43181818181817,
      99.43181818181817
    ],
    "disentanglement": [
      0.2336989778106388,
      0.20883272152356658,
      0.21080988466566625,
      0.21462325741993418
    ]
  },
  "final_compliance": 99.43181818181817,
  "final_disentanglement": 0.21462325741993418,
  "timestamp": "2025-08-23T17:54:30.627116"
}